Domande,Risposte
Quali sono alcune delle sfide principali che incontri nella gestione di una libreria?,"Le sfide principali che incontro nella gestione di una libreria includono la concorrenza online, il cambiamento dei gusti dei lettori, la gestione dell'inventario e il mantenimento di una clientela fedele."
Cosa pensi che non funzioni adeguatamente nella gestione di una libreria?,"Una delle cose che potrebbero non funzionare adeguatamente è la capacità di attirare nuovi clienti, soprattutto in un'epoca in cui le persone leggono sempre più in formato digitale. Inoltre, spesso può essere difficile gestire l'inventario in modo da avere sempre i libri giusti a disposizione."
Come affronti il problema della concorrenza online e dei grandi rivenditori di libri?,"Per affrontare la concorrenza online e i grandi rivenditori di libri, cerco di offrire un'esperienza in libreria unica e personalizzata. Concentro la mia attenzione sul servizio clienti, sulle raccomandazioni e sulle iniziative culturali che rendono la mia libreria un luogo speciale. Inoltre, ho sviluppato una presenza online per la mia libreria, consentendo agli utenti di acquistare libri anche attraverso il mio sito web"
Quali sono le tue strategie per attirare nuovi clienti nella tua libreria fisica?,"Per attirare nuovi clienti nella mia libreria fisica, organizzo eventi come presentazioni di libri, discussioni letterarie e club del libro. Inoltre, collaboro con scuole e biblioteche locali per promuovere la lettura tra i giovani. La mia libreria offre anche programmi di fidelizzazione, come sconti per i clienti abituali."
Cosa pensi delle iniziative di promozione della lettura e dell'importanza dell'istruzione attraverso i libri nella tua comunità?,"Penso che le iniziative di promozione della lettura siano fondamentali per il benessere della comunità. La lettura è un'importante fonte di conoscenza e sviluppo personale, quindi cerco di sostenere tali iniziative e collaboro con scuole e organizzazioni locali per promuovere la lettura e l'istruzione attraverso i libri."
Come gestisci il rapporto con i tuoi fornitori di libri? Ci sono delle sfide in questo aspetto della tua attività?,"Il rapporto con i fornitori di libri è cruciale per la mia attività. Cerco di mantenere una comunicazione aperta e costante con loro per garantire di avere sempre disponibili i libri richiesti dai clienti. Le sfide possono sorgere in termini di disponibilità e prezzi, ma la gestione delle relazioni è essenziale per superarle."
In che modo tratti i cambiamenti nei gusti dei clienti e nelle tendenze editoriali?,"Per affrontare i cambiamenti nei gusti dei clienti e nelle tendenze editoriali, cerco di rimanere aggiornato sulle ultime pubblicazioni e sui gusti dei lettori. Adatto costantemente l'inventario in base a queste tendenze e cerco di offrire una varietà di generi letterari per soddisfare i desideri dei miei clienti."
Quali misure prendi per garantire che la tua libreria sia un luogo accogliente e invitante per i clienti?,"Per rendere la mia libreria accogliente, mi assicuro che lo spazio sia ben illuminato, pulito e organizzato. Offro sedute comode, un'area per la lettura e un personale disponibile per fornire assistenza. Inoltre, tengo spesso eventi culturali per coinvolgere la comunità."
Come gestisci l'inventario dei libri nella tua libreria? Ci sono difficoltà particolari legate a questo aspetto?,"Gestire l'inventario è una delle sfide principali. Uso un software di gestione dell'inventario per tenere traccia delle quantità, delle vendite e dei nuovi arrivi. Tuttavia, può essere difficile prevedere con precisione quali libri saranno richiesti in futuro, il che rende necessario trovare un equilibrio tra varietà e disponibilità."
Quali suggerimenti hai per altri gestori di librerie che potrebbero affrontare problemi simili nella loro attività?,l mio consiglio per altri gestori di librerie è di essere aperti al cambiamento e di adattarsi alle esigenze dei clienti. Concentratevi sull'offrire un'esperienza unica e personalizzata che differenzi la vostra libreria dai concorrenti online. Collaborate con la comunità e promuovete la lettura attraverso eventi e iniziative culturali. La passione per i libri e la dedizione alla promozione della lettura possono fare la differenza nella gestione di una libreria di successo.