Domande,Risposte
Hai mai riscontrato problemi con la disponibilità dei libri che cercavi nella libreria?,Ho visitato la libreria diverse volte e ho notato che alcuni libri che cercavo non erano disponibili. Questo può essere frustrante quando si è alla ricerca di un titolo specifico.
Come valuti l'organizzazione e la disposizione dei libri nella libreria? Trovi che sia facile trovare ciò che cerchi?,La disposizione dei libri nella libreria è un po' disordinata. Ho difficoltà a trovare libri specifici e a navigare tra i generi.
Cosa ne pensi dell'assistenza e dell'aiuto forniti dal personale della libreria?,"Il personale è solitamente gentile, ma a volte sembrano sotto pressione e non sempre riescono a fornire assistenza immediata."
Hai notato problemi con l'efficienza nel processare gli ordini o le richieste di libri specifici?,Ho avuto alcune esperienze in cui gli ordini speciali hanno richiesto più tempo del previsto per essere elaborati. Mi aspetterei una maggiore efficienza in questo aspetto.
Come valuti l'atmosfera all'interno della libreria? Ti senti a tuo agio?,"L'atmosfera della libreria è accogliente, ma penso che potrebbe essere migliorata con una disposizione più organizzata dei libri e una maggiore cura nei dettagli dell'arredamento."
C'è qualcosa nella selezione di libri disponibili che senti possa essere migliorato?,"La selezione di libri è buona, ma penso che ci potrebbero essere più opzioni nei generi di mio interesse."
Quali sono i tuoi pensieri sulla gestione degli eventi e delle iniziative culturali nella libreria?,"Apprezzo le iniziative culturali e gli eventi organizzati dalla libreria, ma a volte non sono ben pubblicizzati e mi sfuggono."
"Hai mai avuto difficoltà a trovare informazioni sugli orari di apertura, le promozioni o le politiche della libreria?",Ho avuto difficoltà a trovare informazioni chiare sugli orari di apertura e sulle promozioni sul sito web della libreria. Una migliore comunicazione online sarebbe apprezzata.
Cosa pensi della gestione complessiva della libreria in termini di servizio e organizzazione?,"In generale, penso che la libreria possa beneficiare di una maggiore attenzione alla gestione e all'organizzazione. Ci sono aspetti che potrebbero essere migliorati per rendere l'esperienza complessiva più piacevole."
Quali suggerimenti hai per migliorare la gestione generale della libreria per renderla più adatta alle esigenze dei clienti?,"Per migliorare la gestione generale della libreria, suggerirei una maggiore precisione nella disponibilità dei libri, una disposizione più ordinata, una comunicazione più efficace con i clienti e una maggiore attenzione ai dettagli nell'organizzazione della libreria."