Domande,Risposte dipendente
Cosa vi ha spinto a lavorare in questa libreria e cosa pensate che renda questa libreria speciale rispetto ad altre?,Cosa mi ha spinto a lavorare in questa libreria è stata la mia passione per i libri e la lettura. Ho scelto di lavorare qui perché volevo condividere questa passione con i clienti. Ciò che rende questa libreria speciale rispetto ad altre è l'atmosfera accogliente e il forte impegno per promuovere la lettura e la cultura nella comunità.
Quali sfide o difficoltà specifiche avete incontrato nella gestione quotidiana della libreria e come le affrontate insieme?,"Nella gestione quotidiana della libreria, affrontiamo sfide come la gestione dell'inventario per garantire che i libri siano disponibili, così come la gestione delle richieste dei clienti. Cerchiamo di essere reattivi alle esigenze dei clienti e di migliorare costantemente la nostra efficienza operativa."
Come valutate la comunicazione e la collaborazione all'interno del team di lavoro? Quali iniziative avete adottato per migliorare la comunicazione interna?,Valutiamo la comunicazione e la collaborazione come aspetti fondamentali per il nostro successo. Abbiamo implementato regolari riunioni di team e canali di comunicazione aperti per condividere idee e informazioni. Ciò ha contribuito a migliorare la comunicazione interna e a promuovere una cultura di collaborazione.
Avete avuto esperienze in cui i feedback dei clienti hanno influenzato cambiamenti o miglioramenti all'interno della libreria? In che modo avete incorporato i suggerimenti dei clienti nel vostro lavoro?,"I feedback dei clienti sono essenziali per noi. Abbiamo ricevuto suggerimenti e commenti su prodotti e servizi, e cerchiamo di tenerli in considerazione per apportare miglioramenti. Ad esempio, abbiamo ampliato la nostra selezione di libri in base ai suggerimenti dei clienti."
Come coinvolgete il personale nella pianificazione e nell'organizzazione di eventi e iniziative culturali?,"Coinvolgiamo il personale nella pianificazione di eventi e iniziative culturali, incoraggiandoli a proporre idee e a partecipare attivamente all'organizzazione. Questo coinvolgimento aumenta il successo delle nostre iniziative."
Quali aspetti della libreria pensate siano particolarmente apprezzati dai clienti? Come cercate di mantenerli soddisfatti?,"Crediamo che i clienti apprezzino l'atmosfera accogliente e il nostro personale competente. La nostra attenzione per i dettagli, l'assistenza personalizzata e le raccomandazioni personali sono aspetti molto apprezzati."
Avete incontrato sfide nella gestione dell'inventario o nella disponibilità dei libri? Come gestite questi problemi?,"La gestione dell'inventario può essere una sfida, specialmente per i titoli meno comuni. Cerchiamo di equilibrare la disponibilità dei libri con la capacità di gestirli in modo efficiente. Mantenere una buona comunicazione con i fornitori è essenziale in questo processo."
Come lavorate insieme per mantenere un'atmosfera accogliente all'interno della libreria e per assicurare che il personale sia coinvolto e competente?,"L'atmosfera accogliente all'interno della libreria è mantenuta attraverso l'attenzione al dettaglio nella disposizione dei libri, la pulizia e la cordialità del personale. Siamo sempre pronti ad assistere i clienti e a creare un ambiente confortevole."
Avete idee o suggerimenti reciproci per migliorare l'esperienza dei clienti o l'efficienza delle operazioni?,"Abbiamo costantemente idee per migliorare l'esperienza dei clienti e discutiamo di suggerimenti reciproci per ottimizzare le operazioni. Ad esempio, abbiamo proposto l'implementazione di un programma di fedeltà per premiare i clienti abituali."
Quali piani e strategie avete in mente per affrontare le sfide e sfruttare le opportunità future per la vostra libreria? Come vedete il futuro dell'attività?,Guardiamo avanti con entusiasmo e pianifichiamo di espandere le nostre iniziative culturali e le nostre offerte di servizi per mantenere la nostra libreria al passo con le esigenze in evoluzione dei clienti. Stiamo anche considerando l'espansione online per raggiungere un pubblico più ampio.