Domande questionario clienti,Risposta utente 1,Risposta utente 2,Risposta utente 3,Risposta utente 4,Risposta utente 5,Risposta utente 6,Risposta utente 7,Risposta utente 8,Risposta utente 9,Risposta utente 10,Risposta utente 11,Risposta utente 12,Risposta utente 13,Risposta utente 14,Risposta utente 15,Risposta utente 16,Risposta utente 17,Risposta utente 18,Risposta utente 19,Risposta utente 20,Risposta utente 21
Quanto spesso visiti la nostra libreria?,Circa una volta al mese.,Circa una volta al mese.,Circa una volta al mese.,Circa una volta al mese.,Circa una volta al mese.,Circa una volta al mese.,Circa una volta al mese.,Circa una volta al mese.,Circa una volta al mese.,Circa una volta al mese.,Circa una volta al mese.,Circa una volta al mese.,Circa una volta al mese.,Circa una volta al mese.,Circa una volta al mese.,Circa una volta al mese.,Circa una volta al mese.,Circa una volta al mese.,Circa una volta al mese.,Circa una volta al mese.,Circa una volta al mese.
Cosa ti attrae di più nella nostra libreria?,L'ampia selezione di libri.,L'ampia selezione di libri.,L'ampia selezione di libri.,L'ampia selezione di libri.,L'ampia selezione di libri.,L'ampia selezione di libri.,L'ampia selezione di libri.,L'ampia selezione di libri.,L'ampia selezione di libri.,L'ampia selezione di libri.,L'ampia selezione di libri.,L'ampia selezione di libri.,L'ampia selezione di libri.,L'ampia selezione di libri.,L'ampia selezione di libri.,L'ampia selezione di libri.,L'ampia selezione di libri.,L'ampia selezione di libri.,L'ampia selezione di libri.,L'ampia selezione di libri.,L'ampia selezione di libri.
Preferisci leggere libri fisici o e-book?,Preferisco libri fisici.,Preferisco libri fisici.,Preferisco libri fisici.,Preferisco libri fisici.,Preferisco libri fisici.,Preferisco libri fisici.,Preferisco libri fisici.,Preferisco libri fisici.,Preferisco libri fisici.,Preferisco libri fisici.,Preferisco libri fisici.,Preferisco libri fisici.,Preferisco libri fisici.,Preferisco libri fisici.,Preferisco libri fisici.,Preferisco libri fisici.,Preferisco libri fisici.,Preferisco libri fisici.,Preferisco libri fisici.,Preferisco libri fisici.,Preferisco libri fisici.
Hai partecipato a uno dei nostri eventi o iniziative culturali?,"Sì, alcune volte.","Sì, alcune volte.","Sì, alcune volte.","Sì, alcune volte.","Sì, alcune volte.","Sì, alcune volte.","Sì, alcune volte.","Sì, alcune volte.","Sì, alcune volte.","Sì, alcune volte.","Sì, alcune volte.","Sì, alcune volte.","Sì, alcune volte.","Sì, alcune volte.","Sì, alcune volte.","Sì, alcune volte.","Sì, alcune volte.","Sì, alcune volte.","Sì, alcune volte.","Sì, alcune volte.","Sì, alcune volte."
Come valuti la disponibilità dei libri che cerchi nella nostra libreria?,La disponibilità dei libri è soddisfacente.,La disponibilità dei libri è soddisfacente.,La disponibilità dei libri è soddisfacente.,La disponibilità dei libri è soddisfacente.,La disponibilità dei libri è soddisfacente.,La disponibilità dei libri è soddisfacente.,La disponibilità dei libri è soddisfacente.,La disponibilità dei libri è soddisfacente.,La disponibilità dei libri è soddisfacente.,La disponibilità dei libri è soddisfacente.,La disponibilità dei libri è soddisfacente.,La disponibilità dei libri è soddisfacente.,La disponibilità dei libri è soddisfacente.,La disponibilità dei libri è soddisfacente.,La disponibilità dei libri è soddisfacente.,La disponibilità dei libri è soddisfacente.,La disponibilità dei libri è soddisfacente.,La disponibilità dei libri è soddisfacente.,La disponibilità dei libri è soddisfacente.,La disponibilità dei libri è soddisfacente.,La disponibilità dei libri è soddisfacente.
Hai mai avuto difficoltà a trovare un libro specifico nella nostra libreria?,Raramente ho avuto difficoltà.,Raramente ho avuto difficoltà.,Raramente ho avuto difficoltà.,Raramente ho avuto difficoltà.,Raramente ho avuto difficoltà.,Raramente ho avuto difficoltà.,Raramente ho avuto difficoltà.,Raramente ho avuto difficoltà.,Raramente ho avuto difficoltà.,Raramente ho avuto difficoltà.,Raramente ho avuto difficoltà.,Raramente ho avuto difficoltà.,Raramente ho avuto difficoltà.,Raramente ho avuto difficoltà.,Raramente ho avuto difficoltà.,Raramente ho avuto difficoltà.,Raramente ho avuto difficoltà.,Raramente ho avuto difficoltà.,Raramente ho avuto difficoltà.,Raramente ho avuto difficoltà.,Raramente ho avuto difficoltà.
Cosa pensi delle nostre iniziative promosse sulla lettura e la cultura?,Le iniziative sono interessanti.,Le iniziative sono interessanti.,Le iniziative sono interessanti.,Le iniziative sono interessanti.,Le iniziative sono interessanti.,Le iniziative sono interessanti.,Le iniziative sono interessanti.,Le iniziative sono interessanti.,Le iniziative sono interessanti.,Le iniziative sono interessanti.,Le iniziative sono interessanti.,Le iniziative sono interessanti.,Le iniziative sono interessanti.,Le iniziative sono interessanti.,Le iniziative sono interessanti.,Le iniziative sono interessanti.,Le iniziative sono interessanti.,Le iniziative sono interessanti.,Le iniziative sono interessanti.,Le iniziative sono interessanti.,Le iniziative sono interessanti.
Hai mai richiesto assistenza al nostro personale durante le tue visite?,"Sì, ho richiesto assistenza.","Sì, ho richiesto assistenza.","Sì, ho richiesto assistenza.","Sì, ho richiesto assistenza.","Sì, ho richiesto assistenza.","Sì, ho richiesto assistenza.","Sì, ho richiesto assistenza.","Sì, ho richiesto assistenza.","Sì, ho richiesto assistenza.","Sì, ho richiesto assistenza.","Sì, ho richiesto assistenza.","Sì, ho richiesto assistenza.","Sì, ho richiesto assistenza.","Sì, ho richiesto assistenza.","Sì, ho richiesto assistenza.","Sì, ho richiesto assistenza.","Sì, ho richiesto assistenza.","Sì, ho richiesto assistenza.","Sì, ho richiesto assistenza.","Sì, ho richiesto assistenza.","Sì, ho richiesto assistenza."
Come valuti la nostra comunicazione sui nostri eventi e promozioni?,La comunicazione è chiara.,La comunicazione è chiara.,La comunicazione è chiara.,La comunicazione è chiara.,La comunicazione è chiara.,La comunicazione è chiara.,La comunicazione è chiara.,La comunicazione è chiara.,La comunicazione è chiara.,La comunicazione è chiara.,La comunicazione è chiara.,La comunicazione è chiara.,La comunicazione è chiara.,La comunicazione è chiara.,La comunicazione è chiara.,La comunicazione è chiara.,La comunicazione è chiara.,La comunicazione è chiara.,La comunicazione è chiara.,La comunicazione è chiara.,La comunicazione è chiara.
Cosa pensi della nostra selezione di libri? Offriamo ciò che cerchi?,La selezione è soddisfacente.,La selezione è soddisfacente.,La selezione è soddisfacente.,La selezione è soddisfacente.,La selezione è soddisfacente.,La selezione è soddisfacente.,La selezione è soddisfacente.,La selezione è soddisfacente.,La selezione è soddisfacente.,La selezione è soddisfacente.,La selezione è soddisfacente.,La selezione è soddisfacente.,La selezione è soddisfacente.,La selezione è soddisfacente.,La selezione è soddisfacente.,La selezione è soddisfacente.,La selezione è soddisfacente.,La selezione è soddisfacente.,La selezione è soddisfacente.,La selezione è soddisfacente.,La selezione è soddisfacente.
Preferisci esplorare la libreria da solo o ricevere consigli dal personale?,Dipende dall'occasione.,Dipende dall'occasione.,Dipende dall'occasione.,Dipende dall'occasione.,Dipende dall'occasione.,Dipende dall'occasione.,Dipende dall'occasione.,Dipende dall'occasione.,Dipende dall'occasione.,Dipende dall'occasione.,Dipende dall'occasione.,Dipende dall'occasione.,Dipende dall'occasione.,Dipende dall'occasione.,Dipende dall'occasione.,Dipende dall'occasione.,Dipende dall'occasione.,Dipende dall'occasione.,Dipende dall'occasione.,Dipende dall'occasione.,Dipende dall'occasione.
Hai mai partecipato a un club del libro o un gruppo di lettura nella nostra libreria?,"No, non ho partecipato.","No, non ho partecipato.","No, non ho partecipato.","No, non ho partecipato.","No, non ho partecipato.","No, non ho partecipato.","No, non ho partecipato.","No, non ho partecipato.","No, non ho partecipato.","No, non ho partecipato.","No, non ho partecipato.","No, non ho partecipato.","No, non ho partecipato.","No, non ho partecipato.","No, non ho partecipato.","No, non ho partecipato.","No, non ho partecipato.","No, non ho partecipato.","No, non ho partecipato.","No, non ho partecipato.","No, non ho partecipato."
Trovi l'atmosfera della libreria accogliente?,"Sì, l'atmosfera è accogliente.","Sì, l'atmosfera è accogliente.","Sì, l'atmosfera è accogliente.","Sì, l'atmosfera è accogliente.","Sì, l'atmosfera è accogliente.","Sì, l'atmosfera è accogliente.","Sì, l'atmosfera è accogliente.","Sì, l'atmosfera è accogliente.","Sì, l'atmosfera è accogliente.","Sì, l'atmosfera è accogliente.","Sì, l'atmosfera è accogliente.","Sì, l'atmosfera è accogliente.","Sì, l'atmosfera è accogliente.","Sì, l'atmosfera è accogliente.","Sì, l'atmosfera è accogliente.","Sì, l'atmosfera è accogliente.","Sì, l'atmosfera è accogliente.","Sì, l'atmosfera è accogliente.","Sì, l'atmosfera è accogliente.","Sì, l'atmosfera è accogliente.","Sì, l'atmosfera è accogliente."
Come valuti l'organizzazione e la disposizione dei libri nella libreria?,L'organizzazione è buona.,L'organizzazione è buona.,L'organizzazione è buona.,L'organizzazione è buona.,L'organizzazione è buona.,L'organizzazione è buona.,L'organizzazione è buona.,L'organizzazione è buona.,L'organizzazione è buona.,L'organizzazione è buona.,L'organizzazione è buona.,L'organizzazione è buona.,L'organizzazione è buona.,L'organizzazione è buona.,L'organizzazione è buona.,L'organizzazione è buona.,L'organizzazione è buona.,L'organizzazione è buona.,L'organizzazione è buona.,L'organizzazione è buona.,L'organizzazione è buona.
Hai mai avuto problemi con l'efficienza del processo di pagamento alla cassa?,Raramente ho avuto problemi al pagamento.,Raramente ho avuto problemi al pagamento.,Raramente ho avuto problemi al pagamento.,Raramente ho avuto problemi al pagamento.,Raramente ho avuto problemi al pagamento.,Raramente ho avuto problemi al pagamento.,Raramente ho avuto problemi al pagamento.,Raramente ho avuto problemi al pagamento.,Raramente ho avuto problemi al pagamento.,Raramente ho avuto problemi al pagamento.,Raramente ho avuto problemi al pagamento.,Raramente ho avuto problemi al pagamento.,Raramente ho avuto problemi al pagamento.,Raramente ho avuto problemi al pagamento.,Raramente ho avuto problemi al pagamento.,Raramente ho avuto problemi al pagamento.,Raramente ho avuto problemi al pagamento.,Raramente ho avuto problemi al pagamento.,Raramente ho avuto problemi al pagamento.,Raramente ho avuto problemi al pagamento.,Raramente ho avuto problemi al pagamento.
Cosa pensi dei nostri sconti e promozioni?,Gli sconti sono interessanti.,Gli sconti sono interessanti.,Gli sconti sono interessanti.,Gli sconti sono interessanti.,Gli sconti sono interessanti.,Gli sconti sono interessanti.,Gli sconti sono interessanti.,Gli sconti sono interessanti.,Gli sconti sono interessanti.,Gli sconti sono interessanti.,Gli sconti sono interessanti.,Gli sconti sono interessanti.,Gli sconti sono interessanti.,Gli sconti sono interessanti.,Gli sconti sono interessanti.,Gli sconti sono interessanti.,Gli sconti sono interessanti.,Gli sconti sono interessanti.,Gli sconti sono interessanti.,Gli sconti sono interessanti.,Gli sconti sono interessanti.
"Hai partecipato alle nostre iniziative online, come le vendite di libri online o i webinar?","Sì, ho partecipato a iniziative online.","Sì, ho partecipato a iniziative online.","Sì, ho partecipato a iniziative online.","Sì, ho partecipato a iniziative online.","Sì, ho partecipato a iniziative online.","Sì, ho partecipato a iniziative online.","Sì, ho partecipato a iniziative online.","Sì, ho partecipato a iniziative online.","Sì, ho partecipato a iniziative online.","Sì, ho partecipato a iniziative online.","Sì, ho partecipato a iniziative online.","Sì, ho partecipato a iniziative online.","Sì, ho partecipato a iniziative online.","Sì, ho partecipato a iniziative online.","Sì, ho partecipato a iniziative online.","Sì, ho partecipato a iniziative online.","Sì, ho partecipato a iniziative online.","Sì, ho partecipato a iniziative online.","Sì, ho partecipato a iniziative online.","Sì, ho partecipato a iniziative online.","Sì, ho partecipato a iniziative online."
"Come valuti l'accessibilità della libreria, inclusi parcheggio e trasporti pubblici?",L'accessibilità è buona.,L'accessibilità è buona.,L'accessibilità è buona.,L'accessibilità è buona.,L'accessibilità è buona.,L'accessibilità è buona.,L'accessibilità è buona.,L'accessibilità è buona.,L'accessibilità è buona.,L'accessibilità è buona.,L'accessibilità è buona.,L'accessibilità è buona.,L'accessibilità è buona.,L'accessibilità è buona.,L'accessibilità è buona.,L'accessibilità è buona.,L'accessibilità è buona.,L'accessibilità è buona.,L'accessibilità è buona.,L'accessibilità è buona.,L'accessibilità è buona.
Hai suggerimenti o commenti per migliorare la tua esperienza nella nostra libreria?,Suggerirei di ampliare l'area per la lettura.,Suggerirei di ampliare l'area per la lettura.,Suggerirei di ampliare l'area per la lettura.,Suggerirei di ampliare l'area per la lettura.,Suggerirei di ampliare l'area per la lettura.,Suggerirei di ampliare l'area per la lettura.,Suggerirei di ampliare l'area per la lettura.,Suggerirei di ampliare l'area per la lettura.,Suggerirei di ampliare l'area per la lettura.,Suggerirei di ampliare l'area per la lettura.,Suggerirei di ampliare l'area per la lettura.,Suggerirei di ampliare l'area per la lettura.,Suggerirei di ampliare l'area per la lettura.,Suggerirei di ampliare l'area per la lettura.,Suggerirei di ampliare l'area per la lettura.,Suggerirei di ampliare l'area per la lettura.,Suggerirei di ampliare l'area per la lettura.,Suggerirei di ampliare l'area per la lettura.,Suggerirei di ampliare l'area per la lettura.,Suggerirei di ampliare l'area per la lettura.,Suggerirei di ampliare l'area per la lettura.
Vorresti iscriverti alla nostra newsletter per ricevere aggiornamenti su eventi e promozioni?,"Sì, vorrei iscrivermi alla newsletter.","Sì, vorrei iscrivermi alla newsletter.","Sì, vorrei iscrivermi alla newsletter.","Sì, vorrei iscrivermi alla newsletter.","Sì, vorrei iscrivermi alla newsletter.","Sì, vorrei iscrivermi alla newsletter.","Sì, vorrei iscrivermi alla newsletter.","Sì, vorrei iscrivermi alla newsletter.","Sì, vorrei iscrivermi alla newsletter.","Sì, vorrei iscrivermi alla newsletter.","Sì, vorrei iscrivermi alla newsletter.","Sì, vorrei iscrivermi alla newsletter.","Sì, vorrei iscrivermi alla newsletter.","Sì, vorrei iscrivermi alla newsletter.","Sì, vorrei iscrivermi alla newsletter.","Sì, vorrei iscrivermi alla newsletter.","Sì, vorrei iscrivermi alla newsletter.","Sì, vorrei iscrivermi alla newsletter.","Sì, vorrei iscrivermi alla newsletter.","Sì, vorrei iscrivermi alla newsletter.","Sì, vorrei iscrivermi alla newsletter."